dateOfSale,price,address,county,not_full_market
05/01/2011,"€270,000.00","10 CADDELL, THE LINKS, STATION RD, Dublin 13",Dublin,0
05/02/2011,"€234,000.00","12 LE HUNT HOUSE, BRENNANSTOWN, CABINTEELY VILLAGE, Dublin 18",Cork,0
05/03/2011,"€165,000.00","129 RIALTO COTTAGES, DUBLIN 8, DUBLIN, Dublin 8",Waterford,0
05/04/2011,"€157,500.00","23 SUNDALE PARADE, MOUNTAIN VIEW, TALLAGHT DUBLIN 24, Dublin 24",Limerick,0
05/05/2011,"€263,000.00","4 KILTIPPER VIEW, KILTIPPER RD, TALLAGHT DUBLIN 24, Dublin 24",Longford,0
05/06/2011,"€190,000.00","42 TUSCANY DOWNS, RAHENY, DUBLIN 5, Dublin 5",Kildare,0
05/07/2011,"€365,000.00","49 COOLATREE ROAD, BEAUMONT, DUBLIN 9, Dublin 9",Dublin,0
05/08/2011,"€753,303.96","51 Rokeby Park, Lucan, County Dublin",Laois,0
05/09/2011,"€670,000.00","6 SYMPHONY HOUSE, ADELAIDE RD, DUBLIN 2, Dublin 2",Dublin,0
05/10/2011,"€260,000.00","61 ADAMSTOWN WAY, ADAMSTOWN SQ, LUCAN",Sligo,0
05/11/2011,"€771,000.00","62 DUNDELA PARK, SANDYCOVE, DUBLIN",Kilkenny,0
05/12/2011,"€400,000.00","73 KILLESTER PARK, KILLESTER, DUBLIN 5, Dublin 5",Cork,0
05/01/2012,"€285,000.00","94 RATHSALLAGH PARK, SHANKILL, DUBLIN 18, Dublin 18",Clare,0
05/02/2012,"€325,991.19","No 10 Royal Canal Avenue, Royal Canal Park, Ratoath Road, Dublin 15",Galway,0
05/03/2012,"€340,000.00","110 CARRIGWOOD, BALLYCULLEN DR, FIRHOUSE DUBLIN 24, Dublin 24",Dublin,0
05/04/2012,"€220,000.00","24 THE CRESCENT, THE PLAZA, SWORDS",Dublin,0
05/05/2012,"€215,000.00","25 HOMELAWN GARDENS, TALLAGHT, DUBLIN, Dublin 24",Donegal,0
05/06/2012,"€335,000.00","8 ANNALY RD, CABRA, DUBLIN 7, Dublin 7",Donegal,0
05/07/2012,"€383,259.00","8 Wilkins View, Greenhills, Dublin 12",Cork,0
05/08/2012,"€145,000.00","90 GANDON HALL, GARDINER ST, DUBLIN 1, Dublin 1",Donegal,0
05/09/2012,"€302,000.00","APT 5 WATERMINT, OLD BRAY RD, CABINTEELY, Dublin 18",Donegal,0
05/10/2012,"€250,000.00","MAIN ST, RATHCOOLE, CO DUBLIN",Wexford,1
05/11/2012,"€630,000.00","1 FOXROCK COURT, FOXROCK, DUBLIN 18, Dublin 18",Mayo,1
05/12/2012,"€260,000.00","13 VIKING RD, DUBLIN 7, DUBLIN, Dublin 7",Cork,1
05/01/2013,"€343,612.33","21 Belarmine Grove, Belarmine Woods, Stepaside",Leitrim,1
05/02/2013,"€216,000.00","38 FORTUNES WALK, CITY PARK, CITYWEST WEST DUBLIN 24, Dublin 24",Galway,1
05/03/2013,"€275,428.00","4 The Rise, Millers Glen, Swords",Cork,1
05/04/2013,"€300,000.00","43 MOUNT SYMON DALE, CLONSILLA, DUBLIN 15, Dublin 15",Cork,1
05/05/2013,"€370,000.00","47 BALLINTRANE WOOD, FOREST RD, SWORDS",Cork,1
05/06/2013,"€295,000.00","10 WHITETHORN RD, ARTANE, DUBLIN 5, Dublin 5",Donegal,1
05/07/2013,"€252,000.00","5 ROSS ST, STONEYBATTER, DUBLIN 7, Dublin 7",Monaghan,1
05/08/2013,"€280,000.00","76 BACHELORS WALK APTS, BACHELORS WALK, DUBLIN 1, Dublin 1",Kildare,1
05/09/2013,"€880,000.00","9 ST HELENS RD, BOOTERSTOWN, DUBLIN",Cavan,0
05/10/2013,"€398,230.07","17 Beresford Road, Donabate, County Dublin",Clare,0
05/11/2013,"€315,000.00","1 BAYSIDE BOULEVARD SOUTH, SUTTON, DUBLIN 13, Dublin 13",Meath,0
05/12/2013,"€655,000.00","18 SILCHESTER PARK, GLENAGEARY, DUBLIN",Meath,0
05/01/2014,"€195,000.00","60 SPERRIN RD, DRIMNAGH, DUBLIN 12, Dublin 12",Dublin,0
05/02/2014,"€237,500.00","64 HOLYWELL VIEW, FELTRIM HALL, KINSEALY",Louth,0
05/03/2014,"€550,000.00","71 MORIA ROAD, LUCAN ROAD, CHAPELIZOD, Dublin 20",Dublin,0
05/04/2014,"€440,529.00","23 Fairhaven Road, Castleknock, Dublin 15",Tipperary,0
05/05/2014,"€232,000.00","45 WALKINSTOWN PARADE, WALKINSTOWN, DUBLIN 12, Dublin 12",Dublin,0
05/06/2014,"€475,000.00","14 FORTLANDS, HERBERT AVE, DUBLIN 4, Dublin 4",Dublin,0
05/07/2014,"€325,000.00","11 Parkside Walk, Parkside, Dublin 13, Dublin 13",Dublin,0
05/08/2014,"€596,000.00","66 TEMPLEVILLE DR, TEMPLEOGUE, DUBLIN 6W",Tipperary,0
05/09/2014,"€525,000.00","30 PARKVALE, BALDOYLE, DUBLIN 13, Dublin 13",Dublin,0
05/10/2014,"€615,000.00","45 DUN EMER DR, DUNDRUM, DUBLIN 16, Dublin 16",Dublin,0
05/11/2014,"€682,819.00","5 Warren Lodge, Sutton",Mayo,0
05/12/2014,"€950,000.00","86 RANELAGH RD, RANELAGH, DUBLIN 6, Dublin 6",Cork,0
05/01/2015,"€320,010.00","26 NOTTINGHAM ST, NORTH STRAND, DUBLIN 3, Dublin 3",Meath,0
05/02/2015,"€370,044.00","91  diswellstown manor, castleknock, dublin, Dublin 7",Cavan,0
05/03/2015,"€295,000.00","THE SMITHY (AKS THE FORGE), BALLYCARNEY, CO WEXFORD",Dublin,0
05/04/2015,"€252,000.00","TWO MILE HOUSE, NAAS, KILDARE",Dublin,0
05/05/2015,"€280,000.00","1 GAZELLE LANE, TYRELLSTOWN, DUBLIN 15",Dublin,0
05/06/2015,"€880,000.00","10 THE LAWN, CLOVER MEADOWS, FERRYBANK",Kerry,0
05/07/2015,"€398,230.07","106 BALLYMUN RD, GLASNEVIN, DUBLIN 11",Cork,0
05/08/2015,"€315,000.00","12 THE GALLOPS, MOORETOWN, SWORDS",Kerry,0
05/09/2015,"€655,000.00","13 VICTORINE ABBEY, TRIM, MEATH",Louth,0
05/10/2015,"€195,000.00","148 Belvedere Hills, Mullingar",Meath,0
05/11/2015,"€237,500.00","16 LIFFEY GLEN, LUCAN, DUBLIN",Westmeath,0
05/12/2015,"€232,000.00","18 THE HAYMARKET, CATHEDRAL PLACE, LIMERICK",Kildare,0
05/01/2016,"€475,000.00","19 Inis Orga, Curryclogh, Bandon",Cavan,0
05/02/2016,"€325,000.00","19 Mill Hill Lawns, Manorhamilton",Wicklow,0
05/03/2016,"€596,000.00","20 ASHBROOK CRESCENT, ENNIS RD, LIMERICK",Cork,0
05/04/2016,"€525,000.00","21 FOREST PARK, COURTOWN, GOREY",Clare,0
05/05/2016,"€615,000.00","21 NEWTOWN LOWER, WATERFORD, WATERFORD",Carlow,0
05/06/2016,"€682,819.00","22 Cluain Na Ri, Clondulane, Fermoy",Wexford,0
05/07/2016,"€950,000.00","24 GARRAVOGUE RD, RAHEEN, LIMERICK",Galway,0
05/08/2016,"€320,010.00","244 CHERRYWOOD LAWN, DUBLIN 22, DUBLIN",Clare,0
05/09/2016,"€370,044.00","27 CLUAIN ALAINN, HURLERS CROSS, SHANNON",Cork,0
05/10/2016,"€295,000.00","27 RADCLIFFE HALL, ST JOHNS RD, DUBLIN 4",Dublin,0
05/11/2016,"€252,000.00","31 ST PETERS RD, PHIBSBOROUGH, DUBLIN 7",Wexford,0
05/12/2016,"€335,000.00","39 TAIN COURT, BRIDGE ST, DUNDALK",Limerick,0
05/01/2011,"€383,259.00","43 THE OVAL, TULLYVALE, CABINTEELY DUBLIN 18",Limerick,0
05/02/2011,"€145,000.00","43 Tramway Court, Tallaght, Dublin",Dublin,0
05/03/2011,"€302,000.00","5 GREEN RD, MULLINGAR, WESTMEATH",Westmeath,0
05/04/2011,"€250,000.00","5 PHOENIX TERRACE, BLACKROCK, DUBLIN",Limerick,0
05/05/2011,"€630,000.00","51 ARDGLAS, DUNDRUM, DUBLIN 16",Dublin,0
05/06/2011,"€260,000.00","57 Tramway Court, Tallaght, Dublin",Westmeath,0
05/07/2011,"€343,612.33","58 STRADABROOEY, GWEEDORE, DONEGAL",Waterford,0
05/08/2011,"€216,000.00","4 CHARLEVILLE COTTAGES, OLD YOUGHAL RD, CORK CITY",Galway,0
05/09/2011,"€275,428.00","41 CARTON SQ, MAYNOOTH, KILDARE",Cork,0
05/10/2011,"€300,000.00","43 CLONFERT RD, KIMMAGE, DUBLIN 12",Louth,0
05/11/2011,"€370,000.00","43 CONQUER HILL RD, CLONTARF, DUBLIN",Wicklow,0
05/12/2011,"€295,000.00","43 HAZELBROOK CRESENT, LETTERKENNY, DONEGAL",Galway,0
05/01/2012,"€252,000.00","44 THE OAKS, HERBERT PARK LANE, BALLSBRIDGE DUBLIN 4",Dublin,0
05/02/2012,"€280,000.00","48 Beechill Avenue, Donnybrook",Cork,0
05/03/2012,"€880,000.00","49 SMITHFIELD GATE, DUBLIN 7",Mayo,0
05/04/2012,"€398,230.07","5 Cluain Na Mara, Omeath",Tipperary,0
05/05/2012,"€315,000.00","61 FAIRWAY HEIGHTS, THE KERRIES, TRALEE",Clare,0
05/06/2012,"€655,000.00","68 RANELAGH VILLAGE, DUBLIN 6, DUBLIN",Dublin,0
05/07/2012,"€195,000.00","7 EAGLE HILL AVE, TERENURE, DUBLIN 6W",Galway,0
05/08/2012,"€237,500.00","7 The Mews, Emmett Street, Ballymote",Dublin,0
05/09/2012,"€550,000.00","72 CALTRAGH HEIGHTS, SLIGO, SLIGO",Dublin,0
05/10/2012,"€440,529.00","85 CORDUFF PARK, BLANCHARDSTOWN, CO. DUBLIN",Meath,0
05/11/2012,"€232,000.00","88 TEMPLEVILLE RD, TERENURE, DUBLIN 6W",Dublin,0
05/12/2012,"€475,000.00","9 Loftus Close, Belmont, Stepaside",Dublin,0
05/01/2013,"€325,000.00","9 RATHMILES GROVE, THE HERITAGE GOLF AND SPA RESORT, KILLENARD",Cork,0
05/02/2013,"€596,000.00","ABBEY ROSE HOUSE, THE VILLAGE, ABBEYDORNEY",Waterford,0
05/03/2013,"€525,000.00","AN TIGIN, KILNAP, OLD MALLOW ROAD",Laois,0
05/04/2013,"€615,000.00","Apartment 16 Cedar Grove, Firhouse Road, Templeogue",Cork,0
05/05/2013,"€682,819.00","APT 12, RIVERSIDE HOUSE, NEWBRIDGE ST",Dublin,0
05/06/2013,"€950,000.00","APT 83, 25 WOLFE TONE ST, DUBLIN 1",Dublin,0
05/07/2013,"€320,010.00","BANNA RD, ARDFERT, KERRY",Dublin,0
05/08/2013,"€370,044.00","CARRICKAVOHER, AUGHAVAS, LEITRIM",Westmeath,0
05/09/2013,"€295,000.00","CHAPEL ROAD, GRANGE, KILMALLOCK",Cork,0
05/10/2013,"€252,000.00","CREENAGH, LONGFORD, CO. LONGFORD",Offaly,0
05/11/2013,"€280,000.00","DRUMELLA, CHURCH AVENUE, PORTMARNOCK",Laois,0
05/12/2013,"€880,000.00","Innishmaan, Channel Road, Rush",Dublin,0
05/01/2014,"€398,230.07","ISKAHEEN, MUFF, CO DONEGAL",Limerick,0
05/02/2014,"€315,000.00","LISPHILLIP, BALLINAMEEN, BOYLE",Roscommon,0
05/03/2014,"€655,000.00","LOSKERAN, OLD PARISH, DUNGARVAN",Roscommon,0
05/04/2014,"€195,000.00","NO 27 MANOR COURT, CORK ROAD, CO WATERFORD",Cork,0
05/05/2014,"€237,500.00","RIVERSTOWN, KILLUCAN, WESTMEATH",Mayo,0
05/06/2014,"€232,000.00","ROSHAN FARM, FORQUAR, MILFORD",Cork,0
05/07/2014,"€475,000.00","TONBANE, RINDRUM PO, FANAD",Longford,0
05/08/2014,"€325,000.00","VERMONT, BALLYHOOLY RD, CORK",Waterford,0
05/09/2014,"€596,000.00","1 MARBLE COURT, PAULSTOWN, KILKENNY",Mayo,0
05/10/2014,"€525,000.00","10 CONNAGH, RALPH, FETHARD ON SEA",Clare,0
05/11/2014,"€615,000.00","10 KINVARA AVE, NAVAN RD, DUBLIN 7",Limerick,0
05/12/2014,"€682,819.00","107 MARIAN PARK, DUNDALK, CO LOUTH",Wexford,0
05/01/2015,"€950,000.00","11 ARD NA GREINE, TIRMACOOL, BUNCRANA",Louth,0
05/02/2015,"€320,010.00","11 RENMORE PARK, RENMORE, CO GALWAY",Meath,0
05/03/2015,"€370,044.00","11 ST GATIENS COURT, WHITECHURCH RD, RATHFARNHAM DUBLIN 14",Wexford,0
05/04/2015,"€295,000.00","117 LISMORE, CAPPAGH RD, BARNA",Kildare,0
05/05/2015,"€252,000.00","129 THE LINKS, ELMPARK, MERRION RD DUBLIN 4",Dublin,0
05/06/2015,"€270,000.00","13 Ballymorris Manor, Portarlington",Kilkenny,0
05/07/2015,"€234,000.00","13 GLEANN CORA, NEWMARKET ON FERGUS, CLARE",Dublin,0
05/08/2015,"€165,000.00","130 THE LINKS, ELMPARK, MERRION RD DUBLIN 4",Dublin,0
05/09/2015,"€157,500.00 **","14 Barnwell Way, Barnwell, Hansfield",Meath,0
05/10/2015,"€263,000.00","14 BROOKFIELD PARK, MAYNOOTH, KILDARE",Westmeath,0
05/11/2015,"€190,000.00 **","144 LITTLEPACE GALLOPS, CLONEE, DUBLIN 15",Dublin,0
05/12/2015,"€365,000.00","PARK RD, KENURE, RUSH",Limerick,0
05/01/2016,"€753,303.96","QUAY ST, BELMULLET, MAYO",Cork,0
05/02/2016,"€670,000.00","RIVERDALE HOUSE, KILLYNURE, CONVOY",Leitrim,0
05/03/2016,"€260,000.00","ST JUDES, COURT PLACE, CARLOW",Limerick,0
05/04/2016,"€771,000.00","STATION RD, PORTARLINGTON, LAOIS",Wexford,0
05/05/2016,"€400,000.00","THE TRESTLES, PROMENADE, LAHINCH",Waterford,0
05/06/2016,"€285,000.00","WOODNEYS COTTAGE, WOODNEYS LANE, CARLINGFORD",Cork,0
05/07/2016,"€325,991.19","'CARNA', 56A ROSEMOUNT EST, DUNDRUM",Limerick,0
05/08/2016,"€340,000.00","1 AYLSBURY COURT, BALLINCOLLIG, CORK",Dublin,0
05/09/2016,"€220,000.00","1 MOOREFIELD RD, NEWBRIDGE, KILDARE",Clare,0
05/10/2016,"€215,000.00","1 WELLMOUNT COURT, FINGLAS WEST, DUBLIN 11",Dublin,0
05/11/2016,"€335,000.00","10 Loftus Lane, Belmont, Atkins Village  Stepaside",Dublin,0
05/12/2016,"€383,259.00","10 WINDMILL PARK, CRUMLIN, DUBLIN 12",Louth,0
05/01/2011,"€145,000.00","104 KILLANE VIEW, EDENDERRY, OFFALY",Dublin,0
05/02/2011,"€302,000.00","11 Broadfield Lawns, Broadfield Manor, Rathcoole",Dublin,0
05/03/2011,"€250,000.00","11 KILLAKEE WALK, FIRHOUSE, DUBLIN 24",Westmeath,0
05/04/2011,"€630,000.00","110 HAMPTON WOOD AVE, HAMPTON WOOD, FINGLAS DUBLIN 11",Dublin,0
05/05/2011,"€260,000.00","1104  Kilkee Bay Resort, Kilkee",Dublin,0
05/06/2011,"€343,612.33","111 THE WILLOWS, RAHEEN, ATHENRY",Dublin,0
05/07/2011,"€216,000.00","12 BROOKHURST, COLLINS AVE, WATERFORD CITY",Donegal,0
05/08/2011,"€275,428.00","122 MEADOW MOUNT, CHURCHTOWN, DUBLIN 16",Dublin,0
05/09/2011,"€300,000.00","129 MEADOWBANK, BAILE NA NDEISE, CORK ROAD",Dublin,0
05/10/2011,"€370,000.00","13 ARD NA MARA, SALTHILL, GALWAY",Westmeath,0
05/11/2011,"€295,000.00","13 BIRCHVALE, BANDON, CORK",Cork,0
05/12/2011,"€252,000.00","13 THE DOWNS, POLLERTON BIG, CARLOW",Offaly,0
05/01/2012,"€280,000.00","134 BELVEDERE HILLS, MULLINGAR, WESTMEATH",Laois,0
05/02/2012,"€880,000.00","14 GAINSBOROUGH AVE, MALAHIDE, DUBLIN",Dublin,0
05/03/2012,"€398,230.07","14 GRAND CANAL COURT, RIALTO, DUBLIN 8",Limerick,0
05/04/2012,"€343,612.33","144 Walsh Road, Drumcondra",Roscommon,0
05/05/2012,"€216,000.00","156 CHERRY ORCHARD AVE, BALLYFERMOT, DUBLIN 10",Roscommon,0
05/06/2012,"€275,428.00","156 HARDMANS GARDENS, DROGHEDA, LOUTH",Cork,0
05/07/2012,"€300,000.00","16 FRIARY ST, DUNGARVAN, WATERFORD",Mayo,0
05/08/2012,"€370,000.00","16 THE GREEN, OCEAN LINKS, STRANDHILL",Cork,0
05/09/2012,"€295,000.00","163 BEECH PARK, LUCAN, DUBLIN",Longford,0
05/10/2012,"€252,000.00","168 CHARNWOOD, BRAY, WICKLOW",Waterford,0
05/11/2012,"€280,000.00","168 The Glen, Kilnacourt Woods, Portarlington",Mayo,0
05/12/2012,"€880,000.00","17 Carrigmore Lawns, Fortunestown Lane, Saggart",Clare,0
05/01/2013,"€398,230.07","17 THE SYCAMORES, GREENHILLS DROGHEDA, LOUTH",Limerick,0
05/02/2013,"€315,000.00","171, MOURNE ROAD, DRIMNAGH DUBLIN 12",Wexford,0
05/03/2013,"€655,000.00","1A FERNLEIGH VALE, CASTLEKNOCK, DUBLIN 15",Louth,0
05/04/2013,"€195,000.00","1A MOOREFIELD RD, NEWBRIDGE, KILDARE",Meath,0
05/05/2013,"€237,500.00","2 Carraig na Mara, An Rinn, Dungarvan",Wexford,0
05/06/2013,"€550,000.00","2 ENGLEBERG COURT, MOUNTTOWN LOWER, DUN LAOGHAIRE",Kildare,0
05/07/2013,"€440,529.00","2 LAR EASA COVE, STRANDHILL, SLIGO",Dublin,0
05/08/2013,"€232,000.00","20 ST LUKES CRESCENT, DUNDRUM RD, MILLTOWN DUBLIN 14",Kilkenny,0
05/09/2013,"€475,000.00","20 WENDON PARK, DELGANY, WICKLOW",Dublin,0
05/10/2013,"€325,000.00","201 SYCAMORE CRESCENT, ST. MARY'S ROAD, EDENDERRY",Dublin,0
05/11/2013,"€596,000.00","21 KILLEEN HEIGHTS, OAKPARK, TRALEE",Meath,0
05/12/2013,"€525,000.00","22 ASHINGTON GROVE, NAVAN RD, DUBLIN 7",Westmeath,0
05/01/2014,"€315,000.00","23 ASHGROVE COURT, SANDYFORD RD, DUNDRUM DUBLIN 16",Dublin,0
05/02/2014,"€655,000.00","23 TRAMORE HEIGHTS, TRAMORE, CO. WATERFORD",Limerick,0
05/03/2014,"€195,000.00","24 WOODLANE, ROSCHOILL, DROGHEDA",Cork,0
05/04/2014,"€237,500.00","25 Rathronan, Athea",Leitrim,0
05/05/2014,"€232,000.00","26 CASTLEKNOCK GLADE, CASTLEKNOCK, DUBLIN 15",Limerick,0
05/06/2014,"€475,000.00","26 CEIDE BHREANAINN, AN CHULOG, BAILE �THA CLIATH 5",Wexford,0
05/07/2014,"€325,000.00","27 AUGHRIM HOLIDAY VILLAGE, AUGHRIM, WICKLOW",Waterford,0
05/08/2014,"€596,000.00","27 Clevedon, Kilmoney, Carrigaline",Cork,0
05/09/2014,"€525,000.00","27 Newtown, WATERFORD, WATERFORD",Limerick,0
05/10/2014,"€615,000.00","29 HEATHER PARK, PAIRC NA GLOINE, KENMARE",Dublin,0
05/11/2014,"€682,819.00","29 THE BAWN, MALAHIDE, THE HILL",Clare,0
05/12/2014,"€950,000.00","3 ARDFIELD AVE, GRANGE, DOUGLAS",Dublin,0
05/01/2015,"€320,010.00","3 GULISTAN PLACE, RATHMINES, DUBLIN 6",Dublin,0
05/02/2015,"€343,612.33","3 Longfield Avenue, Cashel Road, Clonmel",Louth,0
05/03/2015,"€216,000.00","3 SHELBOURNE PLACE, CAMPILE, WEXFORD",Dublin,0
05/04/2015,"€275,428.00","30 HILLSBROOK AVE, PERRYSTOWN, DUBLIN 12",Dublin,0
05/05/2015,"€300,000.00","30 SOMERTON, DONABATE, DUBLIN",Westmeath,0
05/06/2015,"€370,000.00","30B, SOUTHTERRACE COURT, SOUTH TERRACE",Dublin,0
05/07/2015,"€295,000.00","32 HARBOUR VIEW, ST LAURENCES RD, HOWTH",Dublin,0
05/08/2015,"€252,000.00","33 Henley Park, Churchtown",Dublin,0
05/09/2015,"€280,000.00","33 PAIRC BHRID, ATHY, CO. KILDARE",Donegal,0
05/10/2015,"€880,000.00","33 RAILWAY MEWS, DONAGHMEDE, DUBLIN 13",Tipperary,0
05/11/2015,"€398,230.07","36 LOWER RATHMINES ROAD, RATHMINES, DUBLIN 6",Tipperary,0
05/12/2015,"€315,000.00","39 FATIMA PARK, DUNDALK, LOUTH",Kildare,0
05/01/2016,"€655,000.00","4 GREALISHTOWN, BOHERMORE, GALWAY",Dublin,0
05/02/2016,"€195,000.00","4 HOLLYWOOD PARK, GOATSTOWN, DUBLIN 14",Dublin,0
05/03/2016,"€237,500.00","4 Loughmore Square, Killeen Caste, Dunsany",Galway,0
05/04/2016,"€550,000.00","40 JOHN ST SOUTH, PIMLICO, DUBLIN 8",Waterford,0
05/05/2016,"€440,529.00","41 Pomeroy Park, Rathangan",Sligo,0
05/06/2016,"€232,000.00","41 WOODSTOWN HEIGHTS, KNOCKLYON, DUBLIN 16",Tipperary,0
05/07/2016,"€475,000.00","43 GLEANN RIBH, LUSK, DUBLIN",Cork,0
05/08/2016,"€325,000.00","44 THE VIEW, DROGHEDA, CO. LOUTH",Clare,0
05/09/2016,"€596,000.00","47 Milltown Gate, Burgage M�r, Blessington",Limerick,0
05/10/2016,"€525,000.00","49 PORTACARRON, KNOCKNACARRA, GALWAY",Tipperary,0
05/11/2016,"€232,000.00","5 BEVERLY HEIGHTS, DOORADOYLE, LIMERICK",Waterford,0
05/12/2016,"€475,000.00","5 GRAND CANAL COURT, TULLAMORE, OFFALY",Cork,0
05/01/2011,"€325,000.00","5 Greenmount Buildings, Green Street, cork",Sligo,0
05/02/2011,"€596,000.00","5 SILVER QUAY, NORTH GATE STREET, ATHLONE",Cork,0
05/03/2011,"€525,000.00","5 ST KEVINS DR, PHILIPSTOWN, DUNLEER",Louth,0
05/04/2011,"€315,000.00","51 Fairgreen Park, Mullagh, Co. Cavan.",Wexford,0
05/05/2011,"€655,000.00","51 SILVERSPRINGS, DUNGARVAN, WATERFORD",Louth,0
05/06/2011,"€195,000.00","52 POLEBERRY, WATERFORD, WATERFORD",Dublin,0
05/07/2011,"€237,500.00","56 College Square, Wainsfort Manor Drive, Terenure",Wicklow,0
05/08/2011,"€232,000.00","56D GRIFFITH HALL, GLANDORE ROAD, DUBLIN 9",Louth,0
05/09/2011,"€475,000.00","58 ASSUMPTION RD, EDENDERRY, OFFALY",Wexford,0
05/10/2011,"€325,000.00","59 THE OAKS, KEATINGSTOWN RD, RATHNEW",Cork,0
05/11/2011,"€596,000.00","6 Owen Glin, Clifden",Limerick,0
05/12/2011,"€525,000.00","67 DEVENISH RD, KIMMAGE, DUBLIN 12",Cork,0
05/01/2012,"€615,000.00","68 THE CHASE, RAMSGATE, GOREY",Carlow,0
05/02/2012,"€682,819.00","7 Curragh Hall Green, Tyrrelstown, Dublin 15",Cork,0
05/03/2012,"€950,000.00","8 DROM ARD, CHURCH RD, BELMULLET",Wicklow,0
05/04/2012,"€320,010.00","8 SYCAMORE DR, PROSPECT WOOD, LONGFORD",Dublin,0
05/05/2012,"€216,000.00","85 AVONDALE CLOSE, AVONDALE, WATERFORD",Cork,0
05/06/2012,"€275,428.00","87 Alexandra Walk, Abbeyland, Clane",Cork,0
05/07/2012,"€300,000.00","87 ORCHARD PARK, CURRAGH CAMP, KILDARE",Dublin,0
05/08/2012,"€370,000.00","9 FRIARS WALK, DUNMORE, GALWAY",Laois,0
05/09/2012,"€295,000.00","9 THE VIEW, FIVE OAKS, DROGHEDA",Cork,0
05/10/2012,"€252,000.00","99 THE ELMS, KILNACOURT WOODS, PORTARLINGTON",Dublin,0
05/11/2012,"€280,000.00","APARTMENT 1, 300 HAROLD'S CROSS ROAD, HAROLDS CROSS",Cork,0
05/12/2012,"€880,000.00","APARTMENT 2, 300 HAROLDS CROSS ROAD, HAROLDS CROSS",Dublin,0
05/01/2013,"€398,230.07","APARTMENT 3, 300 HAROLDS CROSS ROAD, HAROLDS CROSS",Galway,0
05/02/2013,"€315,000.00","APT 55, DOCK MILL, BARROW ST DUBLIN 4",Cork,0
05/03/2013,"€655,000.00","APT 5, 30 PETER ST, DROGHEDA",Tipperary,0
05/04/2013,"€195,000.00","APT 73 RUSSEL HOUSE, 33 MOUNTJOY SQ, DUBLIN 1",Cork,0
05/05/2013,"€237,500.00","Apt. 10 Harcourt Hall, Charlotte Quay",Meath,0
05/06/2013,"€550,000.00","Apt. 7 The Ailsbury, Donnybrook Castle, Dublin 4",Kildare,0
05/07/2013,"€440,529.00","BALLINTOGHER, CO SLIGO",Clare,0
05/08/2013,"€232,000.00","BALLINVEALA, CRECORA, LIMERICK",Dublin,0
05/09/2013,"€475,000.00","BALROE, BALLYNACARGY, WESTMEATH",Laois,0
05/10/2013,"€325,000.00","Bellass, Foxford",Cork,0
05/11/2013,"€596,000.00","BERNING, CULLLINA PARK, BEAUFORT",Dublin,0
05/12/2013,"€525,000.00","COLLINSTOWN, CARBURY, CO KILDARE",Cork,0
05/01/2014,"€232,000.00","COOLRUSS, TINAHELY, WICKLOW",Sligo,0
05/02/2014,"€475,000.00","Cork Road, Newport",Dublin,0
05/03/2014,"€325,000.00","DEERPARK, PORTARLINGTON, CO LAOIS",Dublin,0
05/04/2014,"€596,000.00","DERRYGUILE, MOUNTMELLICK, LAOIS",Dublin,0
05/05/2014,"€525,000.00","EMLAGH CRAUGHWELL, CRAUGHWELL, GALWAY",Kildare,0
05/06/2014,"€315,000.00","FAHA KILMACTHOMAS, KILMACTHOMAS, WATERFORD",Dublin,0
05/07/2014,"€655,000.00","Fernlea, Barnhill Road, Dalkey",Dublin,0
05/08/2014,"€195,000.00","GORTAHOOSH, KILLARNEY, KERRY",Louth,0
05/09/2014,"€237,500.00","GORTRAHILLY, BALLYMAKEERA, MACROOM",Leitrim,0
05/10/2014,"€232,000.00","HARROW LODGE, CORNARONE EAST, INVERIN",Cork,0
05/11/2014,"€475,000.00","KILBEG, KILL, KILMACTHOMAS",Waterford,0
05/12/2014,"€325,000.00","KILFREE, CURTEEN, CO SLIGO",Dublin,0
05/01/2015,"€596,000.00","LISSDUFF, CRAUGHWELL, GALWAY",Dublin,0
05/02/2015,"€252,000.00","MEERU, BOHERLODE, BALLYNEETY",Dublin,0
05/03/2015,"€270,000.00","NO 6 LOUGH CARAGH, GLANNAGILLIAGH, CARAGH LAKE",Kerry,0
05/04/2015,"€234,000.00","TEERGONEAN, DOOLIN, CLARE",Dublin,0
05/05/2015,"€165,000.00","TONLEMONE, CLOGHAN, BIRR",Clare,0
05/06/2015,"€157,500.00 **","TUBBERDUFF, TARA HILL, GOREY",Cork,0
05/07/2015,"€263,000.00","UISCE DUBH, ANNAGHKEEN OWER, HEADFORD",Carlow,0
05/08/2015,"€190,000.00 **","VIA DOLOROSA, CARRICK RD, BOYLE",Cork,0
05/09/2015,"€365,000.00","Woodley Lodge, Rochestown",Cork,0
05/10/2015,"€753,303.96","WOODTOWN, DRUMCONRATH, NAVAN",Dublin,0
05/11/2015,"€670,000.00","YELLOW BRICK COTTAGE, WHEELAGOWER, BALLINDAGGIN",Monaghan,0
05/12/2015,"€260,000.00","BOG RD, KNOCKNAGEEHA, GNEEVEGUILLA",Wicklow,0
05/01/2016,"€771,000.00","1 BLACKROCK, SALTHILL, GALWAY",Cork,0
05/02/2016,"€400,000.00","10 Seachnaill PLace, Dunshaughlin",Dublin,0
05/03/2016,"€285,000.00","10 WALSHS TERRACE, WOODQUAY, GALWAY",Louth,0
05/04/2016,"€325,991.19","110 Rampart View, Rahardrum, Virginia",Dublin,0
05/05/2016,"€340,000.00","111 Rampart View, Virginia",Cork,0
05/06/2016,"€220,000.00","114 HAMPTON WOOD RD, ST MARGARETS, DUBLIN 11",Galway,0
05/07/2016,"€215,000.00","12 RADHARC NA FHIAIGH  COOLCOTTS, WEXFORD, WEXFORD",Cork,0
05/08/2016,"€335,000.00","13 FERNLEIGH CRESCENT, CASTLEKNOCK, DUBLIN 15",Wexford,0
05/09/2016,"€383,259.00","13 KILMANTIN HILL, WICKLOW, WICKLOW",Meath,0
05/10/2016,"€145,000.00","14  Bridgefield Grove, Curraheen, Bishopstown",Westmeath,0
05/11/2016,"€302,000.00","14 MERCHANT SQ, EASTWALL, DUBLIN 3",Cork,0
05/12/2016,"€250,000.00","16 KNOCKALTON, NENAGH, TIPPERARY",Galway,0
05/02/2012,"€630,000.00","100 LOWER DRUMCONDRA ROAD, DUBLIN 9",Wexford,0
05/03/2012,"€260,000.00","108 MOUNTAIN VIEW DRIVE, BRAY, CO. WICKLOW",Waterford,0
05/04/2012,"€343,612.33","11 TOLKA RD, BALLYBOUGH, DUBLIN 3",Cork,0
05/05/2012,"€216,000.00","11 WOODVIEW CLOSE, WOODVIEW PARK, LIMERICK",Limerick,0
05/06/2012,"€275,428.00","12 Bushfield Drive, Clondalkin",Dublin,0
05/07/2012,"€300,000.00","14 CORNADARRAGH, BELTURBET, CO CAVAN",Clare,0
05/08/2012,"€370,000.00","15 NEW QUAY, CLONMEL, CO TIPPERARY",Dublin,0
05/09/2012,"€295,000.00","15 TARA LAWNS, KINNEGAD, CO WESTMEATH",Dublin,0
05/10/2012,"€252,000.00","15 YEWWOOD, YOUGHAL, CORK",Louth,0
05/11/2012,"€280,000.00","16 NEW QUAY, CLONMEL, TIPPERARY",Dublin,0
05/12/2012,"€880,000.00","18 ATHLUMNEY VILLAS, RANELAGH, DUBLIN 6",Dublin,0
05/01/2013,"€398,230.07","19 SHANNON LODGE, CARRICK ON SHANNON, LEITRIM",Westmeath,0
05/02/2013,"€343,612.33","2 Ossory Court, Borris In Ossory",Dublin,0
05/03/2013,"€216,000.00","27 THE GREENS, STATION RD, THOMASTOWN",Dublin,0
05/04/2013,"€275,428.00","28 ARBOR RD, LISDUGGAN, WATERFORD",Dublin,0
05/05/2013,"€300,000.00","29 Castlepark Square, Dunboyne Road, Maynooth",Donegal,0
05/06/2013,"€370,000.00","29 MOUNT SYMON LAWN, CLONSILLA, DUBLIN 15",Tipperary,0
05/07/2013,"€295,000.00","2A CLYDE LANE, BALLSBRIDGE, DUBLIN 4",Tipperary,0
05/08/2013,"€252,000.00","2B CLYDE LANE, BALLSBRIDGE, DUBLIN 4",Kildare,0
05/09/2013,"€280,000.00","3 KILLASSER ESTATE, SWINFORD, CO MAYO",Dublin,0
05/10/2013,"€880,000.00","3 Ossory Court, Borris in Ossory",Dublin,0
05/11/2013,"€398,230.07","32 BOROIMHE BEECH, SWORDS, CO DUBLIN",Galway,0
05/12/2013,"€315,000.00","35 LEALAND DR, BAWNOGUE, CLONDALKIN DUBLIN 22",Waterford,0
05/01/2014,"€655,000.00","37 Park Vale, Grange Rath, Drogheda",Sligo,0
05/02/2014,"€195,000.00","39 SARSFIELD GARDENS, MOYROSS, LIMERICK",Tipperary,0
05/03/2014,"€237,500.00","40 ST BEGNETS VILLAS, DALKEY, DUBLIN",Cork,0
05/04/2014,"€550,000.00","41 GROSVENOR PARK, RATHMINES, DUBLIN 6",Clare,0
05/05/2014,"€440,529.00","41 TOURNORE COURT, DUNGARVAN, WATERFORD",Limerick,0
05/06/2014,"€232,000.00","42 BEECHWOOD PARK, POLLERTON BIG, CARLOW",Tipperary,0
05/07/2014,"€475,000.00","42 Eastmoreland Court, Ballsbridge",Waterford,0
05/08/2014,"€325,000.00","42 WHITWORTH RD, DRUMCONDRA, DUBLIN 9",Cork,0
05/09/2014,"€596,000.00","43 CLONLEA, BALLINTEER, DUBLIN 16",Sligo,0
05/10/2014,"€525,000.00","485A Bluebell Avenue, Bluebell, Dublin 12",Cork,0
05/11/2014,"€315,000.00","49 Knightsbrook Crescent, Trim",Louth,0
05/12/2014,"€655,000.00","5 alderwood, hollystown, dublin 15",Wexford,0
05/01/2015,"€195,000.00","5 NORTONS AVE, PHIBSBOROUGH, DUBLIN 7",Louth,0
05/02/2015,"€237,500.00","5 WALNUT RISE, COURTLANDS, GRIFFITH AVE DUBLIN 9",Dublin,0
05/03/2015,"€232,000.00","50 HAZEL HILL DOWNES, BALLYHAUNIS, CO MAYO",Wicklow,0
05/04/2015,"€475,000.00","53 GRANGE RD, RATHFARNHAM, DUBLIN 14",Louth,0
05/05/2015,"€325,000.00","56 BRAEMOR RD, CHURCHTOWN, DUBLIN 14",Wexford,0
05/06/2015,"€596,000.00","6 ABBEY COURT, CLANE, KILDARE",Cork,0
05/07/2015,"€525,000.00","6 CASTLEMANOR CRESCENT, CASTLEMARTYR, CORK",Limerick,0
05/08/2015,"€615,000.00","6 DARGAN COURT, MEATH RD, BRAY",Cork,0
05/09/2015,"€682,819.00","63 BRIAN AVE, MARINO, DUBLIN 3",Carlow,0
05/10/2015,"€950,000.00","7 CLOUGHANVARY, JOHN ST, ARDEE",Cork,0
05/11/2015,"€320,010.00","8 LAUREL COURT, BELLFIELD, FERRYBANK",Wicklow,0
05/12/2015,"€343,612.33","9 CUIRT NA HEAGLAISE, DOUGLAS",Dublin,0
05/01/2016,"€216,000.00","9 the plains, ballinagare",Cork,0
05/02/2016,"€275,428.00","Apartment 410  Pier Head, Allin's Quay, Youghal",Cork,0
05/03/2016,"€300,000.00","Ballinacoola, Gorey",Dublin,0
05/04/2016,"€370,000.00","BALLINVOSKIG WEST, MALLOW, CORK",Laois,0
05/05/2016,"€295,000.00","BAWNMORE, ARDMAYLE, CASHEL",Cork,0
05/06/2016,"€252,000.00","BOFIELD, BALLINA, CO.MAYO",Dublin,0
05/07/2016,"€280,000.00","BOULEENSHEERE, BALLYHEIGUE, CO.KERRY",Cork,0
05/08/2016,"€880,000.00","CLONGOWNEY, OLD DUBLIN ROAD, MULLINGAR",Dublin,0
05/09/2016,"€398,230.07","Corglass, Milltown, Belturbet",Galway,0
05/10/2016,"€315,000.00","CRAFFIELD, AUGHRIM, WICKLOW",Cork,0
05/11/2016,"€655,000.00","DERRYGILE LODGE, DERRYGUILE, MOUNTMELLICK",Tipperary,0
05/12/2016,"€195,000.00","DERRYHERK, BALLYSHANNON, LEITRIM",Cork,0
05/01/2011,"€237,500.00","DREHID, CARBURY, KILDARE",Meath,0
05/02/2011,"€550,000.00","Drumdrishnaghaun, Belcarra, Castlebar",Kildare,0
05/03/2011,"€440,529.00","ELMVILLE, UPPER KILMACUD ROAD, DUBLIN 14",Clare,0
05/04/2011,"€232,000.00","GALROOSTOWN, TERMONFECKIN",Dublin,0
05/05/2011,"€475,000.00","IRRUS, REHY EAST, CARRIGAHOLT",Laois,0
05/06/2011,"€325,000.00","KILCOONEY, GEASHILL, CO OFFALY",Cork,0
05/07/2011,"€596,000.00","LAHERKEEN, KILDARE, KILDARE",Dublin,0
05/08/2011,"€525,000.00","MAIN ST, DAINGEAN, OFFALY",Cork,0
05/09/2011,"€232,000.00","MAIN ST, KILMACRENNAN, LETTERKENNY",Sligo,0
05/10/2011,"€475,000.00","MEENDERRY, FALCARRAGH, DONEGAL",Dublin,0
05/11/2011,"€325,000.00","no 2 Tully, Ballygar",Dublin,0
05/12/2011,"€596,000.00","No 4 Westmanstown Cottages, Lucan, County Dublin",Dublin,0
05/01/2012,"€525,000.00","No 7 Rosehill, Mullagh",Kildare,0
05/02/2012,"€315,000.00","NO 7 ROSSAOR COTTAGE, BALLYLIFFIN, CO DONEGAL",Dublin,0
05/03/2012,"€655,000.00","St. Anne's, Clonbrusk, Athlone",Dublin,0
05/04/2012,"€195,000.00","St. Anthony's, Ballycullen Road, Knockyon",Louth,0
05/05/2012,"€237,500.00","TUBRID, CREEVES CROSS, SHANAGOLDEN",Leitrim,0
05/06/2012,"€232,000.00","TULLIG, CAHERCIVEEN, KERRY",Cork,0
05/07/2012,"€475,000.00","1 & 2 Reed's Place, Off Barrack Street",Waterford,0
05/08/2012,"€325,000.00","10 ASHFIELD RD, RANELAGH, DUBLIN 6",Dublin,0
05/09/2012,"€596,000.00","10 SPRINGFIELD, CASTLEREA, ROSCOMMON",Dublin,0
05/10/2012,"€525,000.00","100 COIS ABHANN, CAHERWISHEEN, TRALEE",Dublin,0
05/11/2012,"€615,000.00","11 BLACKROCK AVE, EDEN, BLACKROCK",Kerry,0
05/12/2012,"€682,819.00","13 Saggart Lodge, court, Saggart",Dublin,0
